<?xml version="1.0" encoding="UTF-8"?><packageBody xmlns:xsi="http://www.w3.org/2001/XMLSchema-instance" xmlns="http://www.vignette.com/xmlschemas/importexport" xsi:schemaLocation="http://www.vignette.com/xmlschemas/importexport 16220/packageBody.xsd"><importProject><group name="VGNGRP_1"/><project vcmId="6a58d89a72acb710VgnVCM100000275410acPROJ"><name>Turing</name><description></description><projectPath>/System/AppSvcs/ObjectTypes/ContentType/VgnExtTemplating/ContentComponentTypes/Turing</projectPath><capabilityMask><entry name="ObjectCreator" type="user"><grants><capability application="VCM" name="SECURITY_WRITE"/><capability application="VCM" name="STATIC_FILE_READ"/><capability application="VCM" name="MODIFY_TAX_ASSOCS"/><capability application="VCM" name="MODIFY"/><capability application="VCM" name="DEPLOY_AND_UNDEPLOY"/><capability application="VCM" name="READ"/><capability application="VCM" name="MODIFY_ACL"/><capability application="VCM" name="PROJECT_READ"/><capability application="VCM" name="SECURITY_READ"/><capability application="VCM" name="IMPORT_WF_DEFINITION"/><capability application="VCM" name="STATIC_FILE_DELETE"/><capability application="VCM" name="MANAGE_WF_PROCESS"/><capability application="VCM" name="DELETE"/><capability application="VCM" name="PROJECT_WRITE"/><capability application="VCM" name="PROJECT_DELETE"/><capability application="VCM" name="STATIC_FILE_WRITE"/><capability application="VCM" name="PROMOTE_AND_DEMOTE"/><capability application="VCM" name="WORKFLOW_DEF_READ"/></grants></entry></capabilityMask><acl><entry name="vgnadmin" type="user"><grants><capability application="VCM" name="SECURITY_WRITE"/><capability application="VCM" name="STATIC_FILE_READ"/><capability application="VCM" name="MODIFY_TAX_ASSOCS"/><capability application="VCM" name="MODIFY"/><capability application="VCM" name="DEPLOY_AND_UNDEPLOY"/><capability application="VCM" name="READ"/><capability application="VCM" name="MODIFY_ACL"/><capability application="VCM" name="PROJECT_READ"/><capability application="VCM" name="SECURITY_READ"/><capability application="VCM" name="IMPORT_WF_DEFINITION"/><capability application="VCM" name="STATIC_FILE_DELETE"/><capability application="VCM" name="MANAGE_WF_PROCESS"/><capability application="VCM" name="DELETE"/><capability application="VCM" name="PROJECT_WRITE"/><capability application="VCM" name="PROJECT_DELETE"/><capability application="VCM" name="STATIC_FILE_WRITE"/><capability application="VCM" name="PROMOTE_AND_DEMOTE"/><capability application="VCM" name="ADD"/><capability application="VCM" name="WORKFLOW_DEF_READ"/></grants></entry><entry name="VgnAllUsersGroup" type="group"><grants><capability application="VCM" name="ADD"/><capability application="VCM" name="PROJECT_READ"/></grants></entry></acl></project></importProject><importContentType><group name="VGNGRP_1"/><contentType mgmtId="d158d89a72acb710VgnVCM100000275410ac____" vcmId="b158d89a72acb710VgnVCM100000275410acRCRD" vcmStatus="approved" vcmLogicalPath="/VgnExtTemplating/ContentComponentTypes/Turing" vcmName="Turing Search Toolbar"><name>TurSearchToolbarComponent</name><displayName>Turing Search Toolbar</displayName><description><![CDATA[The Content presentation Turing Search toolbar component. Accompanying Turing Search results component also exists.]]></description><iconPath>/VgnExtTemplating/System/Icons/search_toolbar_24.png</iconPath><defaultLogicalPath></defaultLogicalPath><siteAffinity>false</siteAffinity><workflowCreateId></workflowCreateId><workflowEditId></workflowEditId><javaClassName>com.viglet.turing.ext.templating.client.javabean.TuringSearchToolbarComponent</javaClassName><eligibilitiesClassName></eligibilitiesClassName><dataSourceLabel>AppSvcs Resource</dataSourceLabel><userApplURL></userApplURL><editorStyle>v8</editorStyle><smallIconPath>/VgnExtTemplating/System/Icons/search_toolbar_16.png</smallIconPath><largeIconPath>/VgnExtTemplating/System/Icons/search_toolbar_32.png</largeIconPath><defaultThumbnailPath>/VgnExtTemplating/System/Icons/search_toolbar_128.png</defaultThumbnailPath><wrapperSpec><![CDATA[<VgnWrapperSettings><thumbnail/><defaultFile/><defaultMedia/><alternateMedia/><wrapperResolver/><alternateFile/></VgnWrapperSettings>]]></wrapperSpec><multilingual>true</multilingual><mlInstanceDefault>false</mlInstanceDefault><mlSetFolder>SHARED</mlSetFolder><mlCustomFolderClassName></mlCustomFolderClassName><mlShareCategories>true</mlShareCategories><mlShareChannels>true</mlShareChannels><mlShareSchedules>true</mlShareSchedules><workflowTranslateId></workflowTranslateId><targetable>true</targetable><persistenceTypeValue>0</persistenceTypeValue><attribute name="vign-viewer-xslt"><valueString>/sites/views/turingSearchToolbarView.jsp</valueString></attribute><relation mgmtId="5258d89a72acb710VgnVCM100000275410ac____"><parentRelation></parentRelation><name>TEMPLATING-TURSEARCHTOOLBARCOMPONENT</name><displayName>TEMPLATING-TURSEARCHTOOLBARCOMPONENT</displayName><minimum>0</minimum><maximum>-1</maximum><beanPropertyName>TEMPLATING_TURSEARCHTOOLBARCOMPONENT</beanPropertyName><suppressBeanProperty>false</suppressBeanProperty><attributeDefinition mgmtId="6258d89a72acb710VgnVCM100000275410ac____"><name>Id</name><displayName>Id</displayName><columnSource>TURSEARCHTOOLBARCOMPONENT.ID</columnSource><comment></comment><helpText></helpText><language></language><ordering>1</ordering><extensibleOrdinal>-1</extensibleOrdinal><dataTypeValue>1</dataTypeValue><required>true</required><autoGen>false</autoGen><workflowRequired>true</workflowRequired><key>true</key><searchable>false</searchable><summary>false</summary><visible>false</visible><defaultLabel>false</defaultLabel><orderBy>false</orderBy><attributeTypeValue>3</attributeTypeValue><widgetName>ComponentKeyWidget</widgetName><widgetData></widgetData><referencedAttributeDefinitionName></referencedAttributeDefinitionName><beanPropertyName>id</beanPropertyName><suppressBeanProperty>false</suppressBeanProperty><groupSplit>true</groupSplit><groupName>General</groupName><toolTip></toolTip><filterable>false</filterable><sharable>false</sharable><translatable>false</translatable><metaKey></metaKey><persistenceTypeValue>0</persistenceTypeValue></attributeDefinition><attributeDefinition mgmtId="7258d89a72acb710VgnVCM100000275410ac____"><name>ChannelPath</name><displayName>Channel Path</displayName><columnSource>TURSEARCHTOOLBARCOMPONENT.RESULTS_CHANNEL_ID</columnSource><comment></comment><helpText>Select the channel to display the results of a search.</helpText><language></language><ordering>2</ordering><extensibleOrdinal>-1</extensibleOrdinal><dataTypeValue>1</dataTypeValue><required>false</required><autoGen>false</autoGen><workflowRequired>false</workflowRequired><key>false</key><searchable>false</searchable><summary>false</summary><visible>false</visible><defaultLabel>false</defaultLabel><orderBy>false</orderBy><attributeTypeValue>3</attributeTypeValue><widgetName>WCMChannelSelectWidget</widgetName><widgetData><![CDATA[<validationType>NO</validationType>
            <validationExpr><![CDATA[]]>]]<![CDATA[></validationExpr>
            <validationExprOther><![CDATA[]]>]]<![CDATA[></validationExprOther>
            <validationMode/>
            <failureMessageType/>
            <failureMessageExpr><![CDATA[]]>]]<![CDATA[></failureMessageExpr>
            <defaultValueType>NO</defaultValueType>
            <defaultValueExpr><![CDATA[]]>]]<![CDATA[></defaultValueExpr>
            <miscValue><![CDATA[]]>]]<![CDATA[></miscValue>
            <extraHtml><![CDATA[]]>]]<![CDATA[></extraHtml>
            <onChangeFunction><![CDATA[]]>]]<![CDATA[></onChangeFunction>
            <transformType>TRANSFORM_IMPL_NONE</transformType>
            <transformClass/>
            <widgetContextPath>/vgn-wcm-up</widgetContextPath>
            <overrideType>NONE</overrideType>
            <overridePath/>
            <authGroupsRW/>
            <authGroupsRO/>
            <authGroupsHidden/>
            <referenceType>NO</referenceType>
            <referenceClass/>
            <pageSize/>
            <managedRef>Managed</managedRef>
            ]]></widgetData><referencedAttributeDefinitionName></referencedAttributeDefinitionName><beanPropertyName>channelPath</beanPropertyName><suppressBeanProperty>false</suppressBeanProperty><groupSplit>false</groupSplit><groupName></groupName><toolTip></toolTip><filterable>false</filterable><sharable>true</sharable><translatable>false</translatable><metaKey></metaKey><persistenceTypeValue>0</persistenceTypeValue></attributeDefinition><attributeDefinition mgmtId="5b0903bd19e0c710VgnVCM100000275410ac____"><name>keywordAttr</name><displayName>Keyword Attribute Name</displayName><columnSource>TURSEARCHTOOLBARCOMPONENT.KEYWORD_ATTR</columnSource><comment></comment><helpText></helpText><language></language><ordering>3</ordering><extensibleOrdinal>-1</extensibleOrdinal><dataTypeValue>1</dataTypeValue><required>false</required><autoGen>false</autoGen><workflowRequired>false</workflowRequired><key>false</key><searchable>false</searchable><summary>false</summary><visible>false</visible><defaultLabel>false</defaultLabel><orderBy>false</orderBy><attributeTypeValue>3</attributeTypeValue><widgetName>WCMTextWidget</widgetName><widgetData><![CDATA[
    <miscValue><![CDATA[]]>]]<![CDATA[></miscValue>
    <validationExpr><![CDATA[]]>]]<![CDATA[></validationExpr>
    <authGroupsHidden/>
    <maxlength>20</maxlength>
    <validationType/>
    <referenceType>NO</referenceType>
    <authGroupsRO/>
    <defaultValueExpr><![CDATA[]]>]]<![CDATA[></defaultValueExpr>
    <validationExprOther><![CDATA[]]>]]<![CDATA[></validationExprOther>
    <authGroupsRW/>
    <size>20</size>
    <failureMessageExpr><![CDATA[]]>]]<![CDATA[></failureMessageExpr>
    <failureMessageType/>
    <defaultValueType>NO</defaultValueType>
    <referenceClass/>
]]></widgetData><referencedAttributeDefinitionName></referencedAttributeDefinitionName><beanPropertyName>keywordAttr</beanPropertyName><suppressBeanProperty>false</suppressBeanProperty><groupSplit>false</groupSplit><groupName></groupName><toolTip></toolTip><filterable>false</filterable><sharable>false</sharable><translatable>false</translatable><metaKey></metaKey><persistenceTypeValue>0</persistenceTypeValue></attributeDefinition><attributeDefinition mgmtId="7088541d5d55c710VgnVCM100000275410ac____"><name>AllowedQSAttrs</name><displayName>Allowed Query String Attributes</displayName><columnSource>TURSEARCHTOOLBARCOMPONENT.ALLOWED_QS_ATTRS</columnSource><comment></comment><helpText>These attributes will be forwarded to the results page. Enter the names separated by comma.</helpText><language></language><ordering>4</ordering><extensibleOrdinal>-1</extensibleOrdinal><dataTypeValue>1</dataTypeValue><required>false</required><autoGen>false</autoGen><workflowRequired>false</workflowRequired><key>false</key><searchable>false</searchable><summary>false</summary><visible>false</visible><defaultLabel>false</defaultLabel><orderBy>false</orderBy><attributeTypeValue>3</attributeTypeValue><widgetName>WCMTextWidget</widgetName><widgetData><![CDATA[
    <miscValue><![CDATA[]]>]]<![CDATA[></miscValue>
    <validationExpr><![CDATA[]]>]]<![CDATA[></validationExpr>
    <authGroupsHidden/>
    <maxlength>200</maxlength>
    <validationType/>
    <referenceType>NO</referenceType>
    <authGroupsRO/>
    <defaultValueExpr><![CDATA[]]>]]<![CDATA[></defaultValueExpr>
    <validationExprOther><![CDATA[]]>]]<![CDATA[></validationExprOther>
    <authGroupsRW/>
    <size>30</size>
    <failureMessageExpr><![CDATA[]]>]]<![CDATA[></failureMessageExpr>
    <failureMessageType/>
    <defaultValueType>NO</defaultValueType>
    <referenceClass/>
]]></widgetData><referencedAttributeDefinitionName></referencedAttributeDefinitionName><beanPropertyName>AllowedQSAttrs</beanPropertyName><suppressBeanProperty>false</suppressBeanProperty><groupSplit>false</groupSplit><groupName></groupName><toolTip></toolTip><filterable>false</filterable><sharable>false</sharable><translatable>false</translatable><metaKey></metaKey><persistenceTypeValue>0</persistenceTypeValue></attributeDefinition><attributeDefinition mgmtId="e988c2708b99c710VgnVCM100000275410ac____"><name>AutoCompleteEndpoint</name><displayName>Turing AutoComplete Endpoint</displayName><columnSource>TURSEARCHTOOLBARCOMPONENT.AC_END_POINT</columnSource><comment></comment><helpText></helpText><language></language><ordering>5</ordering><extensibleOrdinal>-1</extensibleOrdinal><dataTypeValue>1</dataTypeValue><required>false</required><autoGen>false</autoGen><workflowRequired>false</workflowRequired><key>false</key><searchable>false</searchable><summary>false</summary><visible>false</visible><defaultLabel>false</defaultLabel><orderBy>false</orderBy><attributeTypeValue>3</attributeTypeValue><widgetName>WCMTextWidget</widgetName><widgetData><![CDATA[
    <miscValue><![CDATA[]]>]]<![CDATA[></miscValue>
    <validationExpr><![CDATA[]]>]]<![CDATA[></validationExpr>
    <authGroupsHidden/>
    <maxlength>200</maxlength>
    <validationType/>
    <referenceType>NO</referenceType>
    <authGroupsRO/>
    <defaultValueExpr><![CDATA[]]>]]<![CDATA[></defaultValueExpr>
    <validationExprOther><![CDATA[]]>]]<![CDATA[></validationExprOther>
    <authGroupsRW/>
    <size>100</size>
    <failureMessageExpr><![CDATA[]]>]]<![CDATA[></failureMessageExpr>
    <failureMessageType/>
    <defaultValueType>NO</defaultValueType>
    <referenceClass/>
]]></widgetData><referencedAttributeDefinitionName></referencedAttributeDefinitionName><beanPropertyName>AutoCompleteEndpoint</beanPropertyName><suppressBeanProperty>false</suppressBeanProperty><groupSplit>false</groupSplit><groupName></groupName><toolTip></toolTip><filterable>false</filterable><sharable>false</sharable><translatable>false</translatable><metaKey></metaKey><persistenceTypeValue>0</persistenceTypeValue></attributeDefinition><attributeDefinition mgmtId="8258d89a72acb710VgnVCM100000275410ac____"><name>vgnExtTemplatingComponentDisplayViewId</name><displayName>Display View</displayName><columnSource>TURSEARCHTOOLBARCOMPONENT.DISPLAY_VIEW_ID</columnSource><comment></comment><helpText></helpText><language></language><ordering>6</ordering><extensibleOrdinal>-1</extensibleOrdinal><dataTypeValue>1</dataTypeValue><required>false</required><autoGen>false</autoGen><workflowRequired>false</workflowRequired><key>false</key><searchable>false</searchable><summary>false</summary><visible>false</visible><defaultLabel>false</defaultLabel><orderBy>false</orderBy><attributeTypeValue>3</attributeTypeValue><widgetName>WCMContentSelectWidget</widgetName><widgetData><![CDATA[<validationType>NO</validationType>
            <validationExpr><![CDATA[]]>]]<![CDATA[></validationExpr>
            <validationExprOther><![CDATA[]]>]]<![CDATA[></validationExprOther>
            <validationMode/>
            <failureMessageType/>
            <failureMessageExpr><![CDATA[]]>]]<![CDATA[></failureMessageExpr>
            <defaultValueType>NO</defaultValueType>
            <defaultValueExpr><![CDATA[]]>]]<![CDATA[></defaultValueExpr>
            <miscValue><![CDATA[]]>]]<![CDATA[></miscValue>
            <extraHtml><![CDATA[]]>]]<![CDATA[></extraHtml>
            <onChangeFunction><![CDATA[]]>]]<![CDATA[></onChangeFunction>
            <transformType>TRANSFORM_IMPL_NONE</transformType>
            <transformClass/>
            <widgetContextPath>/vgn-wcm-up</widgetContextPath>
            <overrideType>NONE</overrideType>
            <overridePath/>
            <authGroupsRW/>
            <authGroupsRO/>
            <authGroupsHidden/>
            <referenceType>NO</referenceType>
            <referenceClass/>
            <objectType>f0a8c850766e1110VgnVCM100000b120120aRCRD</objectType>
            <allowCreation>true</allowCreation>
            <dataSetType>LARGE</dataSetType>
            <defaultProject/>
            <idType>GUID</idType>
            <managedRef>Managed</managedRef>
            <defaultSelectProject>8159c850766e1110VgnVCM100000b120120aPROJ</defaultSelectProject>
            <defaultSelectChannel/>
            <defaultProjectSelectionType>1</defaultProjectSelectionType>
            <defaultProjectSelectionClass/>
            ]]></widgetData><referencedAttributeDefinitionName></referencedAttributeDefinitionName><beanPropertyName>displayView</beanPropertyName><suppressBeanProperty>false</suppressBeanProperty><groupSplit>true</groupSplit><groupName>Appearance</groupName><toolTip></toolTip><filterable>false</filterable><sharable>true</sharable><translatable>false</translatable><metaKey></metaKey><persistenceTypeValue>0</persistenceTypeValue></attributeDefinition><attributeDefinition mgmtId="9258d89a72acb710VgnVCM100000275410ac____"><name>vgnExtTemplatingComponentTitle</name><displayName>Title</displayName><columnSource>TURSEARCHTOOLBARCOMPONENT.TITLE</columnSource><comment></comment><helpText></helpText><language></language><ordering>7</ordering><extensibleOrdinal>-1</extensibleOrdinal><dataTypeValue>1</dataTypeValue><required>false</required><autoGen>false</autoGen><workflowRequired>false</workflowRequired><key>false</key><searchable>false</searchable><summary>false</summary><visible>false</visible><defaultLabel>false</defaultLabel><orderBy>false</orderBy><attributeTypeValue>3</attributeTypeValue><widgetName>WCMTextWidget</widgetName><widgetData><![CDATA[<validationType>NO</validationType>
            <validationExpr><![CDATA[]]>]]<![CDATA[></validationExpr>
            <validationExprOther><![CDATA[]]>]]<![CDATA[></validationExprOther>
            <validationMode/>
            <failureMessageType/>
            <failureMessageExpr><![CDATA[]]>]]<![CDATA[></failureMessageExpr>
            <defaultValueType>NO</defaultValueType>
            <defaultValueExpr><![CDATA[]]>]]<![CDATA[></defaultValueExpr>
            <miscValue><![CDATA[]]>]]<![CDATA[></miscValue>
            <extraHtml><![CDATA[]]>]]<![CDATA[></extraHtml>
            <onChangeFunction><![CDATA[]]>]]<![CDATA[></onChangeFunction>
            <transformType>TRANSFORM_IMPL_NONE</transformType>
            <transformClass/>
            <widgetContextPath>/vgn-wcm-up</widgetContextPath>
            <overrideType>NONE</overrideType>
            <overridePath/>
            <authGroupsRW/>
            <authGroupsRO/>
            <authGroupsHidden/>
            <referenceType>NO</referenceType>
            <referenceClass/>
            <size/>
            <maxlength/>
            <defaultvalue/>
            ]]></widgetData><referencedAttributeDefinitionName></referencedAttributeDefinitionName><beanPropertyName>title</beanPropertyName><suppressBeanProperty>false</suppressBeanProperty><groupSplit>false</groupSplit><groupName></groupName><toolTip></toolTip><filterable>false</filterable><sharable>false</sharable><translatable>true</translatable><metaKey></metaKey><persistenceTypeValue>0</persistenceTypeValue></attributeDefinition><attributeDefinition mgmtId="a258d89a72acb710VgnVCM100000275410ac____"><name>vgnExtTemplatingComponentHeader</name><displayName>Header</displayName><columnSource>TURSEARCHTOOLBARCOMPONENT.HEADER</columnSource><comment></comment><helpText></helpText><language></language><ordering>8</ordering><extensibleOrdinal>-1</extensibleOrdinal><dataTypeValue>1</dataTypeValue><required>false</required><autoGen>false</autoGen><workflowRequired>false</workflowRequired><key>false</key><searchable>false</searchable><summary>false</summary><visible>false</visible><defaultLabel>false</defaultLabel><orderBy>false</orderBy><attributeTypeValue>3</attributeTypeValue><widgetName>WCMTextAreaWidget</widgetName><widgetData><![CDATA[<validationType>NO</validationType>
            <validationExpr><![CDATA[]]>]]<![CDATA[></validationExpr>
            <validationExprOther><![CDATA[]]>]]<![CDATA[></validationExprOther>
            <validationMode/>
            <failureMessageType/>
            <failureMessageExpr><![CDATA[]]>]]<![CDATA[></failureMessageExpr>
            <defaultValueType>NO</defaultValueType>
            <defaultValueExpr><![CDATA[]]>]]<![CDATA[></defaultValueExpr>
            <miscValue><![CDATA[]]>]]<![CDATA[></miscValue>
            <extraHtml><![CDATA[]]>]]<![CDATA[></extraHtml>
            <onChangeFunction><![CDATA[]]>]]<![CDATA[></onChangeFunction>
            <transformType>TRANSFORM_IMPL_NONE</transformType>
            <transformClass/>
            <widgetContextPath>/vgn-wcm-up</widgetContextPath>
            <overrideType>NONE</overrideType>
            <overridePath/>
            <authGroupsRW/>
            <authGroupsRO/>
            <authGroupsHidden/>
            <referenceType>NO</referenceType>
            <referenceClass/>
            <cols>50</cols>
            <rows/>
            <defaultValue><![CDATA[]]>]]<![CDATA[></defaultValue>
            <wrap><![CDATA[virtual]]>]]<![CDATA[></wrap>
            ]]></widgetData><referencedAttributeDefinitionName></referencedAttributeDefinitionName><beanPropertyName>header</beanPropertyName><suppressBeanProperty>false</suppressBeanProperty><groupSplit>false</groupSplit><groupName></groupName><toolTip></toolTip><filterable>false</filterable><sharable>false</sharable><translatable>true</translatable><metaKey></metaKey><persistenceTypeValue>0</persistenceTypeValue></attributeDefinition><attributeDefinition mgmtId="b258d89a72acb710VgnVCM100000275410ac____"><name>vgnExtTemplatingComponentFooter</name><displayName>Footer</displayName><columnSource>TURSEARCHTOOLBARCOMPONENT.FOOTER</columnSource><comment></comment><helpText></helpText><language></language><ordering>9</ordering><extensibleOrdinal>-1</extensibleOrdinal><dataTypeValue>1</dataTypeValue><required>false</required><autoGen>false</autoGen><workflowRequired>false</workflowRequired><key>false</key><searchable>false</searchable><summary>false</summary><visible>false</visible><defaultLabel>false</defaultLabel><orderBy>false</orderBy><attributeTypeValue>3</attributeTypeValue><widgetName>WCMTextAreaWidget</widgetName><widgetData><![CDATA[<validationType>NO</validationType>
            <validationExpr><![CDATA[]]>]]<![CDATA[></validationExpr>
            <validationExprOther><![CDATA[]]>]]<![CDATA[></validationExprOther>
            <validationMode/>
            <failureMessageType/>
            <failureMessageExpr><![CDATA[]]>]]<![CDATA[></failureMessageExpr>
            <defaultValueType>NO</defaultValueType>
            <defaultValueExpr><![CDATA[]]>]]<![CDATA[></defaultValueExpr>
            <miscValue><![CDATA[]]>]]<![CDATA[></miscValue>
            <extraHtml><![CDATA[]]>]]<![CDATA[></extraHtml>
            <onChangeFunction><![CDATA[]]>]]<![CDATA[></onChangeFunction>
            <transformType>TRANSFORM_IMPL_NONE</transformType>
            <transformClass/>
            <widgetContextPath>/vgn-wcm-up</widgetContextPath>
            <overrideType>NONE</overrideType>
            <overridePath/>
            <authGroupsRW/>
            <authGroupsRO/>
            <authGroupsHidden/>
            <referenceType>NO</referenceType>
            <referenceClass/>
            <cols>50</cols>
            <rows/>
            <defaultValue><![CDATA[]]>]]<![CDATA[></defaultValue>
            <wrap><![CDATA[virtual]]>]]<![CDATA[></wrap>
            ]]></widgetData><referencedAttributeDefinitionName></referencedAttributeDefinitionName><beanPropertyName>footer</beanPropertyName><suppressBeanProperty>false</suppressBeanProperty><groupSplit>false</groupSplit><groupName></groupName><toolTip></toolTip><filterable>false</filterable><sharable>false</sharable><translatable>true</translatable><metaKey></metaKey><persistenceTypeValue>0</persistenceTypeValue></attributeDefinition><attributeDefinition mgmtId="c258d89a72acb710VgnVCM100000275410ac____"><name>vgnExtTemplatingComponentName</name><displayName>Name</displayName><columnSource>TURSEARCHTOOLBARCOMPONENT.NAME</columnSource><comment></comment><helpText></helpText><language></language><ordering>10</ordering><extensibleOrdinal>-1</extensibleOrdinal><dataTypeValue>1</dataTypeValue><required>false</required><autoGen>false</autoGen><workflowRequired>false</workflowRequired><key>false</key><searchable>true</searchable><summary>false</summary><visible>false</visible><defaultLabel>true</defaultLabel><orderBy>false</orderBy><attributeTypeValue>3</attributeTypeValue><widgetName>WCMTextWidget</widgetName><widgetData><![CDATA[<validationType>NO</validationType>
            <validationExpr><![CDATA[]]>]]<![CDATA[></validationExpr>
            <validationExprOther><![CDATA[]]>]]<![CDATA[></validationExprOther>
            <validationMode/>
            <failureMessageType/>
            <failureMessageExpr><![CDATA[]]>]]<![CDATA[></failureMessageExpr>
            <defaultValueType>NO</defaultValueType>
            <defaultValueExpr><![CDATA[]]>]]<![CDATA[></defaultValueExpr>
            <miscValue><![CDATA[]]>]]<![CDATA[></miscValue>
            <extraHtml><![CDATA[]]>]]<![CDATA[></extraHtml>
            <onChangeFunction><![CDATA[]]>]]<![CDATA[></onChangeFunction>
            <transformType>TRANSFORM_IMPL_NONE</transformType>
            <transformClass/>
            <widgetContextPath>/vgn-wcm-up</widgetContextPath>
            <overrideType>NONE</overrideType>
            <overridePath/>
            <authGroupsRW/>
            <authGroupsRO/>
            <authGroupsHidden/>
            <referenceType>NO</referenceType>
            <referenceClass/>
            <size/>
            <maxlength/>
            <defaultvalue/>
            ]]></widgetData><referencedAttributeDefinitionName></referencedAttributeDefinitionName><beanPropertyName>name</beanPropertyName><suppressBeanProperty>false</suppressBeanProperty><groupSplit>true</groupSplit><groupName>Advanced</groupName><toolTip></toolTip><filterable>false</filterable><sharable>false</sharable><translatable>true</translatable><metaKey></metaKey><persistenceTypeValue>0</persistenceTypeValue></attributeDefinition><attributeDefinition mgmtId="d258d89a72acb710VgnVCM100000275410ac____"><name>vgnExtTemplatingComponentDescription</name><displayName>Description</displayName><columnSource>TURSEARCHTOOLBARCOMPONENT.DESCRIPTION</columnSource><comment></comment><helpText></helpText><language></language><ordering>11</ordering><extensibleOrdinal>-1</extensibleOrdinal><dataTypeValue>1</dataTypeValue><required>false</required><autoGen>false</autoGen><workflowRequired>false</workflowRequired><key>false</key><searchable>false</searchable><summary>false</summary><visible>false</visible><defaultLabel>false</defaultLabel><orderBy>false</orderBy><attributeTypeValue>3</attributeTypeValue><widgetName>WCMTextAreaWidget</widgetName><widgetData><![CDATA[<validationType>NO</validationType>
            <validationExpr><![CDATA[]]>]]<![CDATA[></validationExpr>
            <validationExprOther><![CDATA[]]>]]<![CDATA[></validationExprOther>
            <validationMode/>
            <failureMessageType/>
            <failureMessageExpr><![CDATA[]]>]]<![CDATA[></failureMessageExpr>
            <defaultValueType>NO</defaultValueType>
            <defaultValueExpr><![CDATA[]]>]]<![CDATA[></defaultValueExpr>
            <miscValue><![CDATA[]]>]]<![CDATA[></miscValue>
            <extraHtml><![CDATA[]]>]]<![CDATA[></extraHtml>
            <onChangeFunction><![CDATA[]]>]]<![CDATA[></onChangeFunction>
            <transformType>TRANSFORM_IMPL_NONE</transformType>
            <transformClass/>
            <widgetContextPath>/vgn-wcm-up</widgetContextPath>
            <overrideType>NONE</overrideType>
            <overridePath/>
            <authGroupsRW/>
            <authGroupsRO/>
            <authGroupsHidden/>
            <referenceType>NO</referenceType>
            <referenceClass/>
            <cols>80</cols>
            <rows>3</rows>
            <defaultValue><![CDATA[]]>]]<![CDATA[></defaultValue>
            <wrap><![CDATA[virtual]]>]]<![CDATA[></wrap>
            ]]></widgetData><referencedAttributeDefinitionName></referencedAttributeDefinitionName><beanPropertyName>description</beanPropertyName><suppressBeanProperty>false</suppressBeanProperty><groupSplit>false</groupSplit><groupName></groupName><toolTip></toolTip><filterable>false</filterable><sharable>false</sharable><translatable>true</translatable><metaKey></metaKey><persistenceTypeValue>0</persistenceTypeValue></attributeDefinition><attributeDefinition mgmtId="2358d89a72acb710VgnVCM100000275410ac____"><name>OT_WEM_VA_LOCALE</name><displayName>Language</displayName><columnSource>vgnAsMoMetaData.locale</columnSource><comment></comment><helpText>Select a Language for this content item</helpText><language></language><ordering>12</ordering><extensibleOrdinal>-1</extensibleOrdinal><dataTypeValue>1</dataTypeValue><required>false</required><autoGen>false</autoGen><workflowRequired>false</workflowRequired><key>false</key><searchable>false</searchable><summary>false</summary><visible>false</visible><defaultLabel>false</defaultLabel><orderBy>false</orderBy><attributeTypeValue>5</attributeTypeValue><widgetName>VCMTextWidget</widgetName><widgetData></widgetData><referencedAttributeDefinitionName></referencedAttributeDefinitionName><beanPropertyName></beanPropertyName><suppressBeanProperty>true</suppressBeanProperty><groupSplit>false</groupSplit><groupName></groupName><toolTip></toolTip><filterable>false</filterable><sharable>false</sharable><translatable>false</translatable><metaKey></metaKey><persistenceTypeValue>0</persistenceTypeValue></attributeDefinition><attributeDefinition mgmtId="e258d89a72acb710VgnVCM100000275410ac____"><name>vgnExtTemplatingComponentRenderingType</name><displayName>Rendering Type</displayName><columnSource>TURSEARCHTOOLBARCOMPONENT.RENDERINGTYPE</columnSource><comment></comment><helpText></helpText><language></language><ordering>13</ordering><extensibleOrdinal>-1</extensibleOrdinal><dataTypeValue>1</dataTypeValue><required>false</required><autoGen>false</autoGen><workflowRequired>false</workflowRequired><key>false</key><searchable>false</searchable><summary>false</summary><visible>false</visible><defaultLabel>false</defaultLabel><orderBy>false</orderBy><attributeTypeValue>3</attributeTypeValue><widgetName>WCMRadiobuttonWidget</widgetName><widgetData><![CDATA[<validationType>NO</validationType>
          <validationExpr><![CDATA[]]>]]<![CDATA[></validationExpr>
          <validationExprOther><![CDATA[]]>]]<![CDATA[></validationExprOther>
          <validationMode/>
          <failureMessageType/>
          <failureMessageExpr><![CDATA[]]>]]<![CDATA[></failureMessageExpr>
          <defaultValueType>CN</defaultValueType>
          <defaultValueExpr><![CDATA[0]]>]]<![CDATA[></defaultValueExpr>
          <miscValue><![CDATA[]]>]]<![CDATA[></miscValue>
          <extraHtml><![CDATA[]]>]]<![CDATA[></extraHtml>
          <onChangeFunction><![CDATA[]]>]]<![CDATA[></onChangeFunction>
          <transformType>TRANSFORM_IMPL_NONE</transformType>
          <transformClass/>
          <widgetContextPath>/vgn-wcm-up</widgetContextPath>
          <overrideType>NONE</overrideType>
          <overridePath/>
          <authGroupsRW/>
          <authGroupsRO/>
          <authGroupsHidden/>
          <referenceType>NO</referenceType>
          <referenceClass/>
          <buttons>
          <button checked="true">
              <label><![CDATA[Direct]]>]]<![CDATA[></label>
              <value><![CDATA[0]]>]]<![CDATA[></value>
          </button>
          <button checked="false">
              <label><![CDATA[AJAX]]>]]<![CDATA[></label>
              <value><![CDATA[1]]>]]<![CDATA[></value>
          </button>
          <button checked="false">
              <label><![CDATA[SSI]]>]]<![CDATA[></label>
              <value><![CDATA[2]]>]]<![CDATA[></value>
          </button>
          </buttons>
          ]]></widgetData><referencedAttributeDefinitionName></referencedAttributeDefinitionName><beanPropertyName>RenderingType</beanPropertyName><suppressBeanProperty>false</suppressBeanProperty><groupSplit>false</groupSplit><groupName></groupName><toolTip></toolTip><filterable>false</filterable><sharable>true</sharable><translatable>false</translatable><metaKey></metaKey><persistenceTypeValue>0</persistenceTypeValue></attributeDefinition><attributeDefinition mgmtId="f258d89a72acb710VgnVCM100000275410ac____"><name>ttl</name><displayName>Caching Policy</displayName><columnSource>TURSEARCHTOOLBARCOMPONENT.TTL</columnSource><comment></comment><helpText></helpText><language></language><ordering>14</ordering><extensibleOrdinal>-1</extensibleOrdinal><dataTypeValue>1</dataTypeValue><required>false</required><autoGen>false</autoGen><workflowRequired>false</workflowRequired><key>false</key><searchable>false</searchable><summary>false</summary><visible>false</visible><defaultLabel>false</defaultLabel><orderBy>false</orderBy><attributeTypeValue>3</attributeTypeValue><widgetName>TimeBasedInvPolicyWidget</widgetName><widgetData><![CDATA[<minyear/>
      <maxyear/>
      ]]></widgetData><referencedAttributeDefinitionName></referencedAttributeDefinitionName><beanPropertyName>ttl</beanPropertyName><suppressBeanProperty>false</suppressBeanProperty><groupSplit>false</groupSplit><groupName></groupName><toolTip></toolTip><filterable>false</filterable><sharable>true</sharable><translatable>false</translatable><metaKey></metaKey><persistenceTypeValue>0</persistenceTypeValue></attributeDefinition><attributeDefinition mgmtId="0358d89a72acb710VgnVCM100000275410ac____"><name>vgnExtTemplatingComponentThumbnail</name><displayName>Thumbnail</displayName><columnSource>TURSEARCHTOOLBARCOMPONENT.THUMBNAIL</columnSource><comment></comment><helpText></helpText><language></language><ordering>15</ordering><extensibleOrdinal>-1</extensibleOrdinal><dataTypeValue>1</dataTypeValue><required>false</required><autoGen>false</autoGen><workflowRequired>false</workflowRequired><key>false</key><searchable>false</searchable><summary>false</summary><visible>false</visible><defaultLabel>false</defaultLabel><orderBy>false</orderBy><attributeTypeValue>3</attributeTypeValue><widgetName>WCMContentSelectWidget</widgetName><widgetData><![CDATA[<validationType>NO</validationType>
      <validationExpr><![CDATA[]]>]]<![CDATA[></validationExpr>
      <validationExprOther><![CDATA[]]>]]<![CDATA[></validationExprOther>
      <validationMode/>
      <failureMessageType/>
      <failureMessageExpr><![CDATA[]]>]]<![CDATA[></failureMessageExpr>
      <defaultValueType>NO</defaultValueType>
      <defaultValueExpr><![CDATA[]]>]]<![CDATA[></defaultValueExpr>
      <miscValue><![CDATA[]]>]]<![CDATA[></miscValue>
      <extraHtml><![CDATA[]]>]]<![CDATA[></extraHtml>
      <onChangeFunction><![CDATA[]]>]]<![CDATA[></onChangeFunction>
      <transformType>TRANSFORM_IMPL_NONE</transformType>
      <transformClass/>
      <widgetContextPath>/vgn-wcm-up</widgetContextPath>
      <overrideType>NONE</overrideType>
      <overridePath/>
      <authGroupsRW/>
      <authGroupsRO/>
      <authGroupsHidden/>
      <referenceType>NO</referenceType>
      <referenceClass/>
      <objectType>STATICFILE00000000000000000000000000TYPE</objectType>
      <allowCreation>true</allowCreation>
      <dataSetType>LARGE</dataSetType>
      <defaultProject/>
      <idType>GUID</idType>
      <managedRef>Managed</managedRef>
      <defaultSelectProject/>
      <defaultSelectChannel/>
      <defaultProjectSelectionType>1</defaultProjectSelectionType>
      <defaultProjectSelectionClass/>
      ]]></widgetData><referencedAttributeDefinitionName></referencedAttributeDefinitionName><beanPropertyName>thumbnail</beanPropertyName><suppressBeanProperty>false</suppressBeanProperty><groupSplit>false</groupSplit><groupName></groupName><toolTip></toolTip><filterable>false</filterable><sharable>true</sharable><translatable>false</translatable><metaKey></metaKey><persistenceTypeValue>0</persistenceTypeValue></attributeDefinition><reference mgmtId="3a88c2708b99c710VgnVCM100000275410ac____"><deletionPolicyValue>0</deletionPolicyValue><demotionPolicyValue>5</demotionPolicyValue><exportPolicyValue>0</exportPolicyValue><keyCount>1</keyCount><promotionPolicyValue>4</promotionPolicyValue><referencedContentTypeId></referencedContentTypeId><referenceTypeValue>3</referenceTypeValue><snapshotPolicyValue>0</snapshotPolicyValue><key mgmtId="4a88c2708b99c710VgnVCM100000275410ac____"><attributeDefinitionName>ChannelPath</attributeDefinitionName><sequence>0</sequence></key></reference><reference mgmtId="5a88c2708b99c710VgnVCM100000275410ac____"><deletionPolicyValue>0</deletionPolicyValue><demotionPolicyValue>5</demotionPolicyValue><exportPolicyValue>0</exportPolicyValue><keyCount>1</keyCount><promotionPolicyValue>4</promotionPolicyValue><referencedContentTypeId></referencedContentTypeId><referenceTypeValue>3</referenceTypeValue><snapshotPolicyValue>0</snapshotPolicyValue><key mgmtId="6a88c2708b99c710VgnVCM100000275410ac____"><attributeDefinitionName>vgnExtTemplatingComponentDisplayViewId</attributeDefinitionName><sequence>0</sequence></key></reference><reference mgmtId="7a88c2708b99c710VgnVCM100000275410ac____"><deletionPolicyValue>0</deletionPolicyValue><demotionPolicyValue>5</demotionPolicyValue><exportPolicyValue>0</exportPolicyValue><keyCount>1</keyCount><promotionPolicyValue>4</promotionPolicyValue><referencedContentTypeId></referencedContentTypeId><referenceTypeValue>3</referenceTypeValue><snapshotPolicyValue>0</snapshotPolicyValue><key mgmtId="8a88c2708b99c710VgnVCM100000275410ac____"><attributeDefinitionName>vgnExtTemplatingComponentThumbnail</attributeDefinitionName><sequence>0</sequence></key></reference></relation><fileXSDRef></fileXSDRef><pageRef></pageRef><beanClassName>com.cust.contentbean.TurSearchToolbarComponent</beanClassName><adhocReferences><adhocReference><referenceName>dp_wrapperSpec</referenceName><referentId>211853cf9c0d9210VgnVCM1000006450140aRCRD</referentId><metadata><![CDATA[com.vignette.as.client.common.adhoc.WrapperSpecPropertyLinker]]></metadata></adhocReference></adhocReferences><acl><entry name="vgnadmin" type="user"><grants><capability application="VCM" name="SECURITY_WRITE"/><capability application="VCM" name="CONTENT_TYPE_WRITE"/><capability application="VCM" name="MODIFY"/><capability application="VCM" name="MODIFY_TAX_ASSOCS"/><capability application="VCM" name="DEPLOY_AND_UNDEPLOY"/><capability application="VCM" name="OBJECT_TYPE_DELETE"/><capability application="VCM" name="MODIFY_ACL"/><capability application="VCM" name="OBJECT_TYPE_WRITE"/><capability application="VCM" name="SECURITY_READ"/><capability application="VCM" name="CONTENT_TYPE_DELETE"/><capability application="VCM" name="DELETE"/><capability application="VCM" name="OBJECT_TYPE_READ"/><capability application="VCM" name="CONTENT_TYPE_READ"/><capability application="VCM" name="PROMOTE_AND_DEMOTE"/><capability application="AUTH" name="MANAGE_CAPABILITIES"/><capability application="VCM" name="WORKFLOW_DEF_READ"/></grants></entry></acl></contentType></importContentType><importContentType><group name="VGNGRP_1"/><contentType mgmtId="2248d89a72acb710VgnVCM100000275410ac____" vcmId="0248d89a72acb710VgnVCM100000275410acRCRD" vcmStatus="approved" vcmLogicalPath="/VgnExtTemplating/ContentComponentTypes/Turing" vcmName="Turing Search Results"><name>TurSearchResultsComponent</name><displayName>Turing Search Results</displayName><description><![CDATA[The Content presentation Turing Search results component. Used in conjunction with the Turing Search toolbar component. ]]></description><iconPath>/VgnExtTemplating/System/Icons/search_results_24.png</iconPath><defaultLogicalPath></defaultLogicalPath><siteAffinity>false</siteAffinity><workflowCreateId></workflowCreateId><workflowEditId></workflowEditId><javaClassName>com.viglet.turing.ext.templating.client.javabean.TuringSearchResultsComponent</javaClassName><eligibilitiesClassName></eligibilitiesClassName><dataSourceLabel>AppSvcs Resource</dataSourceLabel><userApplURL></userApplURL><editorStyle>v8</editorStyle><smallIconPath>/VgnExtTemplating/System/Icons/search_results_16.png</smallIconPath><largeIconPath>/VgnExtTemplating/System/Icons/search_results_32.png</largeIconPath><defaultThumbnailPath>/VgnExtTemplating/System/Icons/search_results_128.png</defaultThumbnailPath><wrapperSpec><![CDATA[<VgnWrapperSettings><thumbnail/><defaultFile/><defaultMedia/><alternateMedia/><wrapperResolver/><alternateFile/></VgnWrapperSettings>]]></wrapperSpec><multilingual>true</multilingual><mlInstanceDefault>false</mlInstanceDefault><mlSetFolder>SHARED</mlSetFolder><mlCustomFolderClassName></mlCustomFolderClassName><mlShareCategories>true</mlShareCategories><mlShareChannels>true</mlShareChannels><mlShareSchedules>true</mlShareSchedules><workflowTranslateId></workflowTranslateId><targetable>false</targetable><persistenceTypeValue>0</persistenceTypeValue><attribute name="vign-viewer-xslt"><valueString>/sites/views/turingSearchResultsView.jsp</valueString></attribute><relation mgmtId="3248d89a72acb710VgnVCM100000275410ac____"><parentRelation></parentRelation><name>TEMPLATING-TURSEARCHRESULTSCOMPONENT</name><displayName>TEMPLATING-TURSEARCHRESULTSCOMPONENT</displayName><minimum>0</minimum><maximum>-1</maximum><beanPropertyName>TEMPLATING_TURSEARCHRESULTSCOMPONENT</beanPropertyName><suppressBeanProperty>false</suppressBeanProperty><attributeDefinition mgmtId="5248d89a72acb710VgnVCM100000275410ac____"><name>Id</name><displayName>Id</displayName><columnSource>TURSEARCHRESULTSCOMPONENT.ID</columnSource><comment></comment><helpText></helpText><language></language><ordering>1</ordering><extensibleOrdinal>-1</extensibleOrdinal><dataTypeValue>1</dataTypeValue><required>true</required><autoGen>false</autoGen><workflowRequired>true</workflowRequired><key>true</key><searchable>false</searchable><summary>false</summary><visible>false</visible><defaultLabel>false</defaultLabel><orderBy>false</orderBy><attributeTypeValue>3</attributeTypeValue><widgetName>ComponentKeyWidget</widgetName><widgetData></widgetData><referencedAttributeDefinitionName></referencedAttributeDefinitionName><beanPropertyName>id</beanPropertyName><suppressBeanProperty>false</suppressBeanProperty><groupSplit>true</groupSplit><groupName>General</groupName><toolTip></toolTip><filterable>false</filterable><sharable>false</sharable><translatable>false</translatable><metaKey></metaKey><persistenceTypeValue>0</persistenceTypeValue></attributeDefinition><attributeDefinition mgmtId="2968d317d30fb710VgnVCM100000275410ac____"><name>Endpoint</name><displayName>Turing Endpoint</displayName><columnSource>TURSEARCHRESULTSCOMPONENT.END_POINT</columnSource><comment></comment><helpText></helpText><language></language><ordering>2</ordering><extensibleOrdinal>-1</extensibleOrdinal><dataTypeValue>1</dataTypeValue><required>true</required><autoGen>false</autoGen><workflowRequired>false</workflowRequired><key>false</key><searchable>false</searchable><summary>false</summary><visible>false</visible><defaultLabel>false</defaultLabel><orderBy>false</orderBy><attributeTypeValue>3</attributeTypeValue><widgetName>WCMTextWidget</widgetName><widgetData><![CDATA[
    <miscValue><![CDATA[]]>]]<![CDATA[></miscValue>
    <validationExpr><![CDATA[]]>]]<![CDATA[></validationExpr>
    <authGroupsHidden/>
    <maxlength>200</maxlength>
    <validationType/>
    <referenceType>NO</referenceType>
    <authGroupsRO/>
    <defaultValueExpr><![CDATA[]]>]]<![CDATA[></defaultValueExpr>
    <validationExprOther><![CDATA[]]>]]<![CDATA[></validationExprOther>
    <authGroupsRW/>
    <size>100</size>
    <failureMessageExpr><![CDATA[]]>]]<![CDATA[></failureMessageExpr>
    <failureMessageType/>
    <defaultValueType>NO</defaultValueType>
    <referenceClass/>
]]></widgetData><referencedAttributeDefinitionName></referencedAttributeDefinitionName><beanPropertyName>Endpoint</beanPropertyName><suppressBeanProperty>false</suppressBeanProperty><groupSplit>false</groupSplit><groupName></groupName><toolTip></toolTip><filterable>false</filterable><sharable>false</sharable><translatable>false</translatable><metaKey></metaKey><persistenceTypeValue>0</persistenceTypeValue></attributeDefinition><attributeDefinition mgmtId="1d5d63874d9eb710VgnVCM100000275410ac____"><name>keywordAttr</name><displayName>Keyword Attribute Name</displayName><columnSource>TURSEARCHRESULTSCOMPONENT.KEYWORD_ATTR</columnSource><comment></comment><helpText></helpText><language></language><ordering>3</ordering><extensibleOrdinal>-1</extensibleOrdinal><dataTypeValue>1</dataTypeValue><required>false</required><autoGen>false</autoGen><workflowRequired>false</workflowRequired><key>false</key><searchable>false</searchable><summary>false</summary><visible>false</visible><defaultLabel>false</defaultLabel><orderBy>false</orderBy><attributeTypeValue>3</attributeTypeValue><widgetName>WCMTextWidget</widgetName><widgetData><![CDATA[
    <miscValue><![CDATA[]]>]]<![CDATA[></miscValue>
    <validationExpr><![CDATA[]]>]]<![CDATA[></validationExpr>
    <authGroupsHidden/>
    <maxlength>20</maxlength>
    <validationType/>
    <referenceType>NO</referenceType>
    <authGroupsRO/>
    <defaultValueExpr><![CDATA[]]>]]<![CDATA[></defaultValueExpr>
    <validationExprOther><![CDATA[]]>]]<![CDATA[></validationExprOther>
    <authGroupsRW/>
    <size>20</size>
    <failureMessageExpr><![CDATA[]]>]]<![CDATA[></failureMessageExpr>
    <failureMessageType/>
    <defaultValueType>NO</defaultValueType>
    <referenceClass/>
]]></widgetData><referencedAttributeDefinitionName></referencedAttributeDefinitionName><beanPropertyName>keywordAttr</beanPropertyName><suppressBeanProperty>false</suppressBeanProperty><groupSplit>false</groupSplit><groupName></groupName><toolTip></toolTip><filterable>false</filterable><sharable>false</sharable><translatable>false</translatable><metaKey></metaKey><persistenceTypeValue>0</persistenceTypeValue></attributeDefinition><attributeDefinition mgmtId="2d5d63874d9eb710VgnVCM100000275410ac____"><name>pageAttr</name><displayName>Page Attribute Name</displayName><columnSource>TURSEARCHRESULTSCOMPONENT.PAGE_ATTR</columnSource><comment></comment><helpText></helpText><language></language><ordering>4</ordering><extensibleOrdinal>-1</extensibleOrdinal><dataTypeValue>1</dataTypeValue><required>false</required><autoGen>false</autoGen><workflowRequired>false</workflowRequired><key>false</key><searchable>false</searchable><summary>false</summary><visible>false</visible><defaultLabel>false</defaultLabel><orderBy>false</orderBy><attributeTypeValue>3</attributeTypeValue><widgetName>WCMTextWidget</widgetName><widgetData><![CDATA[
    <miscValue><![CDATA[]]>]]<![CDATA[></miscValue>
    <validationExpr><![CDATA[]]>]]<![CDATA[></validationExpr>
    <authGroupsHidden/>
    <maxlength>20</maxlength>
    <validationType/>
    <referenceType>NO</referenceType>
    <authGroupsRO/>
    <defaultValueExpr><![CDATA[]]>]]<![CDATA[></defaultValueExpr>
    <validationExprOther><![CDATA[]]>]]<![CDATA[></validationExprOther>
    <authGroupsRW/>
    <size>20</size>
    <failureMessageExpr><![CDATA[]]>]]<![CDATA[></failureMessageExpr>
    <failureMessageType/>
    <defaultValueType>NO</defaultValueType>
    <referenceClass/>
]]></widgetData><referencedAttributeDefinitionName></referencedAttributeDefinitionName><beanPropertyName>pageAttr</beanPropertyName><suppressBeanProperty>false</suppressBeanProperty><groupSplit>false</groupSplit><groupName></groupName><toolTip></toolTip><filterable>false</filterable><sharable>false</sharable><translatable>false</translatable><metaKey></metaKey><persistenceTypeValue>0</persistenceTypeValue></attributeDefinition><attributeDefinition mgmtId="642905db3e4fb710VgnVCM100000275410ac____"><name>facetAttr</name><displayName>Facet Attribute Name</displayName><columnSource>TURSEARCHRESULTSCOMPONENT.FACET_ATTR</columnSource><comment></comment><helpText></helpText><language></language><ordering>5</ordering><extensibleOrdinal>-1</extensibleOrdinal><dataTypeValue>1</dataTypeValue><required>false</required><autoGen>false</autoGen><workflowRequired>false</workflowRequired><key>false</key><searchable>false</searchable><summary>false</summary><visible>false</visible><defaultLabel>false</defaultLabel><orderBy>false</orderBy><attributeTypeValue>3</attributeTypeValue><widgetName>WCMTextWidget</widgetName><widgetData><![CDATA[
    <miscValue><![CDATA[]]>]]<![CDATA[></miscValue>
    <validationExpr><![CDATA[]]>]]<![CDATA[></validationExpr>
    <authGroupsHidden/>
    <maxlength>20</maxlength>
    <validationType/>
    <referenceType>NO</referenceType>
    <authGroupsRO/>
    <defaultValueExpr><![CDATA[]]>]]<![CDATA[></defaultValueExpr>
    <validationExprOther><![CDATA[]]>]]<![CDATA[></validationExprOther>
    <authGroupsRW/>
    <size>20</size>
    <failureMessageExpr><![CDATA[]]>]]<![CDATA[></failureMessageExpr>
    <failureMessageType/>
    <defaultValueType>NO</defaultValueType>
    <referenceClass/>
]]></widgetData><referencedAttributeDefinitionName></referencedAttributeDefinitionName><beanPropertyName>facetAttr</beanPropertyName><suppressBeanProperty>false</suppressBeanProperty><groupSplit>false</groupSplit><groupName></groupName><toolTip></toolTip><filterable>false</filterable><sharable>false</sharable><translatable>false</translatable><metaKey></metaKey><persistenceTypeValue>0</persistenceTypeValue></attributeDefinition><attributeDefinition mgmtId="4248d89a72acb710VgnVCM100000275410ac____"><name>ResultsPerPage</name><displayName>Number of results per page</displayName><columnSource>TURSEARCHRESULTSCOMPONENT.RESULTS_PER_PAGE</columnSource><comment></comment><helpText>Enter the number of items to return on a page.</helpText><language></language><ordering>6</ordering><extensibleOrdinal>-1</extensibleOrdinal><dataTypeValue>3</dataTypeValue><required>false</required><autoGen>false</autoGen><workflowRequired>false</workflowRequired><key>false</key><searchable>false</searchable><summary>false</summary><visible>false</visible><defaultLabel>false</defaultLabel><orderBy>false</orderBy><attributeTypeValue>3</attributeTypeValue><widgetName>WCMTextWidget</widgetName><widgetData><![CDATA[<validationType>GT</validationType>
                    <validationExpr><![CDATA[0]]>]]<![CDATA[></validationExpr>
                    <validationExprOther><![CDATA[]]>]]<![CDATA[></validationExprOther>
                    <validationMode>BOTH</validationMode>
                    <failureMessageType>STR</failureMessageType>
                    <failureMessageExpr><![CDATA[Please enter positive Integer.]]>]]<![CDATA[></failureMessageExpr>
                    <defaultValueType>CN</defaultValueType>
                    <defaultValueExpr><![CDATA[10]]>]]<![CDATA[></defaultValueExpr>
                    <miscValue><![CDATA[]]>]]<![CDATA[></miscValue>
                    <extraHtml><![CDATA[]]>]]<![CDATA[></extraHtml>
                    <onChangeFunction><![CDATA[]]>]]<![CDATA[></onChangeFunction>
                    <transformType>TRANSFORM_IMPL_NONE</transformType>
                    <transformClass/>
                    <widgetContextPath>/vgn-wcm-up</widgetContextPath>
                    <overrideType>NONE</overrideType>
                    <overridePath/>
                    <authGroupsRW/>
                    <authGroupsRO/>
                    <authGroupsHidden/>
                    <referenceType>NO</referenceType>
                    <referenceClass/>
                    <size>5</size>
                    <maxlength/>
                    <defaultvalue/>
                    ]]></widgetData><referencedAttributeDefinitionName></referencedAttributeDefinitionName><beanPropertyName>resultsPerPage</beanPropertyName><suppressBeanProperty>false</suppressBeanProperty><groupSplit>false</groupSplit><groupName></groupName><toolTip></toolTip><filterable>false</filterable><sharable>true</sharable><translatable>false</translatable><metaKey></metaKey><persistenceTypeValue>0</persistenceTypeValue></attributeDefinition><attributeDefinition mgmtId="17e8541d5d55c710VgnVCM100000275410ac____"><name>AllowedQSAttrs</name><displayName>Allowed Query String Attributes</displayName><columnSource>TURSEARCHRESULTSCOMPONENT.ALLOWED_QS_ATTRS</columnSource><comment></comment><helpText>These attributes will be forwarded to the results page. Enter the names separated by comma.</helpText><language></language><ordering>7</ordering><extensibleOrdinal>-1</extensibleOrdinal><dataTypeValue>1</dataTypeValue><required>false</required><autoGen>false</autoGen><workflowRequired>false</workflowRequired><key>false</key><searchable>false</searchable><summary>false</summary><visible>false</visible><defaultLabel>false</defaultLabel><orderBy>false</orderBy><attributeTypeValue>3</attributeTypeValue><widgetName>WCMTextWidget</widgetName><widgetData><![CDATA[
    <miscValue><![CDATA[]]>]]<![CDATA[></miscValue>
    <validationExpr><![CDATA[]]>]]<![CDATA[></validationExpr>
    <authGroupsHidden/>
    <maxlength>200</maxlength>
    <validationType/>
    <referenceType>NO</referenceType>
    <authGroupsRO/>
    <defaultValueExpr><![CDATA[]]>]]<![CDATA[></defaultValueExpr>
    <validationExprOther><![CDATA[]]>]]<![CDATA[></validationExprOther>
    <authGroupsRW/>
    <size>30</size>
    <failureMessageExpr><![CDATA[]]>]]<![CDATA[></failureMessageExpr>
    <failureMessageType/>
    <defaultValueType>NO</defaultValueType>
    <referenceClass/>
]]></widgetData><referencedAttributeDefinitionName></referencedAttributeDefinitionName><beanPropertyName>AllowedQSAttrs</beanPropertyName><suppressBeanProperty>false</suppressBeanProperty><groupSplit>false</groupSplit><groupName></groupName><toolTip></toolTip><filterable>false</filterable><sharable>false</sharable><translatable>false</translatable><metaKey></metaKey><persistenceTypeValue>0</persistenceTypeValue></attributeDefinition><attributeDefinition mgmtId="b248d89a72acb710VgnVCM100000275410ac____"><name>vgnExtTemplatingComponentDisplayViewId</name><displayName>Display View</displayName><columnSource>TURSEARCHRESULTSCOMPONENT.DISPLAY_VIEW_ID</columnSource><comment></comment><helpText></helpText><language></language><ordering>8</ordering><extensibleOrdinal>-1</extensibleOrdinal><dataTypeValue>1</dataTypeValue><required>false</required><autoGen>false</autoGen><workflowRequired>false</workflowRequired><key>false</key><searchable>false</searchable><summary>false</summary><visible>false</visible><defaultLabel>false</defaultLabel><orderBy>false</orderBy><attributeTypeValue>3</attributeTypeValue><widgetName>WCMContentSelectWidget</widgetName><widgetData><![CDATA[<validationType>NO</validationType>
                    <validationExpr><![CDATA[]]>]]<![CDATA[></validationExpr>
                    <validationExprOther><![CDATA[]]>]]<![CDATA[></validationExprOther>
                    <validationMode/>
                    <failureMessageType/>
                    <failureMessageExpr><![CDATA[]]>]]<![CDATA[></failureMessageExpr>
                    <defaultValueType>NO</defaultValueType>
                    <defaultValueExpr><![CDATA[]]>]]<![CDATA[></defaultValueExpr>
                    <miscValue><![CDATA[]]>]]<![CDATA[></miscValue>
                    <extraHtml><![CDATA[]]>]]<![CDATA[></extraHtml>
                    <onChangeFunction><![CDATA[]]>]]<![CDATA[></onChangeFunction>
                    <transformType>TRANSFORM_IMPL_NONE</transformType>
                    <transformClass/>
                    <widgetContextPath>/vgn-wcm-up</widgetContextPath>
                    <overrideType>NONE</overrideType>
                    <overridePath/>
                    <authGroupsRW/>
                    <authGroupsRO/>
                    <authGroupsHidden/>
                    <referenceType>NO</referenceType>
                    <referenceClass/>
                    <objectType>f0a8c850766e1110VgnVCM100000b120120aRCRD</objectType>
                    <allowCreation>true</allowCreation>
                    <dataSetType>LARGE</dataSetType>
                    <defaultProject/>
                    <idType>GUID</idType>
                    <managedRef>Managed</managedRef>
                    <defaultSelectProject/>
                    <defaultSelectChannel/>
                    <defaultProjectSelectionType>1</defaultProjectSelectionType>
                    <defaultProjectSelectionClass/>
                    ]]></widgetData><referencedAttributeDefinitionName></referencedAttributeDefinitionName><beanPropertyName>displayView</beanPropertyName><suppressBeanProperty>false</suppressBeanProperty><groupSplit>true</groupSplit><groupName>Appearance</groupName><toolTip></toolTip><filterable>false</filterable><sharable>true</sharable><translatable>false</translatable><metaKey></metaKey><persistenceTypeValue>0</persistenceTypeValue></attributeDefinition><attributeDefinition mgmtId="0348d89a72acb710VgnVCM100000275410ac____"><name>vgnExtTemplatingComponentTitle</name><displayName>Title</displayName><columnSource>TURSEARCHRESULTSCOMPONENT.TITLE</columnSource><comment></comment><helpText></helpText><language></language><ordering>9</ordering><extensibleOrdinal>-1</extensibleOrdinal><dataTypeValue>1</dataTypeValue><required>false</required><autoGen>false</autoGen><workflowRequired>false</workflowRequired><key>false</key><searchable>false</searchable><summary>false</summary><visible>false</visible><defaultLabel>false</defaultLabel><orderBy>false</orderBy><attributeTypeValue>3</attributeTypeValue><widgetName>WCMTextWidget</widgetName><widgetData><![CDATA[<validationType>NO</validationType>
                    <validationExpr><![CDATA[]]>]]<![CDATA[></validationExpr>
                    <validationExprOther><![CDATA[]]>]]<![CDATA[></validationExprOther>
                    <validationMode/>
                    <failureMessageType/>
                    <failureMessageExpr><![CDATA[]]>]]<![CDATA[></failureMessageExpr>
                    <defaultValueType>NO</defaultValueType>
                    <defaultValueExpr><![CDATA[]]>]]<![CDATA[></defaultValueExpr>
                    <miscValue><![CDATA[]]>]]<![CDATA[></miscValue>
                    <extraHtml><![CDATA[]]>]]<![CDATA[></extraHtml>
                    <onChangeFunction><![CDATA[]]>]]<![CDATA[></onChangeFunction>
                    <transformType>TRANSFORM_IMPL_NONE</transformType>
                    <transformClass/>
                    <widgetContextPath>/vgn-wcm-up</widgetContextPath>
                    <overrideType>NONE</overrideType>
                    <overridePath/>
                    <authGroupsRW/>
                    <authGroupsRO/>
                    <authGroupsHidden/>
                    <referenceType>NO</referenceType>
                    <referenceClass/>
                    <size>80</size>
                    <maxlength/>
                    <defaultvalue/>
                    ]]></widgetData><referencedAttributeDefinitionName></referencedAttributeDefinitionName><beanPropertyName>title</beanPropertyName><suppressBeanProperty>false</suppressBeanProperty><groupSplit>false</groupSplit><groupName></groupName><toolTip></toolTip><filterable>false</filterable><sharable>false</sharable><translatable>true</translatable><metaKey></metaKey><persistenceTypeValue>0</persistenceTypeValue></attributeDefinition><attributeDefinition mgmtId="9248d89a72acb710VgnVCM100000275410ac____"><name>vgnExtTemplatingComponentHeader</name><displayName>Header</displayName><columnSource>TURSEARCHRESULTSCOMPONENT.HEADER</columnSource><comment></comment><helpText></helpText><language></language><ordering>10</ordering><extensibleOrdinal>-1</extensibleOrdinal><dataTypeValue>1</dataTypeValue><required>false</required><autoGen>false</autoGen><workflowRequired>false</workflowRequired><key>false</key><searchable>false</searchable><summary>false</summary><visible>false</visible><defaultLabel>false</defaultLabel><orderBy>false</orderBy><attributeTypeValue>3</attributeTypeValue><widgetName>WCMTextAreaWidget</widgetName><widgetData><![CDATA[<validationType>NO</validationType>
                    <validationExpr><![CDATA[]]>]]<![CDATA[></validationExpr>
                    <validationExprOther><![CDATA[]]>]]<![CDATA[></validationExprOther>
                    <validationMode/>
                    <failureMessageType/>
                    <failureMessageExpr><![CDATA[]]>]]<![CDATA[></failureMessageExpr>
                    <defaultValueType>NO</defaultValueType>
                    <defaultValueExpr><![CDATA[]]>]]<![CDATA[></defaultValueExpr>
                    <miscValue><![CDATA[]]>]]<![CDATA[></miscValue>
                    <extraHtml><![CDATA[]]>]]<![CDATA[></extraHtml>
                    <onChangeFunction><![CDATA[]]>]]<![CDATA[></onChangeFunction>
                    <transformType>TRANSFORM_IMPL_NONE</transformType>
                    <transformClass/>
                    <widgetContextPath>/vgn-wcm-up</widgetContextPath>
                    <overrideType>NONE</overrideType>
                    <overridePath/>
                    <authGroupsRW/>
                    <authGroupsRO/>
                    <authGroupsHidden/>
                    <referenceType>NO</referenceType>
                    <referenceClass/>
                    <cols>80</cols>
                    <rows>5</rows>
                    <defaultValue><![CDATA[]]>]]<![CDATA[></defaultValue>
                    <wrap><![CDATA[virtual]]>]]<![CDATA[></wrap>
                    ]]></widgetData><referencedAttributeDefinitionName></referencedAttributeDefinitionName><beanPropertyName>header</beanPropertyName><suppressBeanProperty>false</suppressBeanProperty><groupSplit>false</groupSplit><groupName></groupName><toolTip></toolTip><filterable>false</filterable><sharable>false</sharable><translatable>true</translatable><metaKey></metaKey><persistenceTypeValue>0</persistenceTypeValue></attributeDefinition><attributeDefinition mgmtId="d248d89a72acb710VgnVCM100000275410ac____"><name>vgnExtTemplatingComponentFooter</name><displayName>Footer</displayName><columnSource>TURSEARCHRESULTSCOMPONENT.FOOTER</columnSource><comment></comment><helpText></helpText><language></language><ordering>11</ordering><extensibleOrdinal>-1</extensibleOrdinal><dataTypeValue>1</dataTypeValue><required>false</required><autoGen>false</autoGen><workflowRequired>false</workflowRequired><key>false</key><searchable>false</searchable><summary>false</summary><visible>false</visible><defaultLabel>false</defaultLabel><orderBy>false</orderBy><attributeTypeValue>3</attributeTypeValue><widgetName>WCMTextAreaWidget</widgetName><widgetData><![CDATA[<validationType>NO</validationType>
                    <validationExpr><![CDATA[]]>]]<![CDATA[></validationExpr>
                    <validationExprOther><![CDATA[]]>]]<![CDATA[></validationExprOther>
                    <validationMode/>
                    <failureMessageType/>
                    <failureMessageExpr><![CDATA[]]>]]<![CDATA[></failureMessageExpr>
                    <defaultValueType>NO</defaultValueType>
                    <defaultValueExpr><![CDATA[]]>]]<![CDATA[></defaultValueExpr>
                    <miscValue><![CDATA[]]>]]<![CDATA[></miscValue>
                    <extraHtml><![CDATA[]]>]]<![CDATA[></extraHtml>
                    <onChangeFunction><![CDATA[]]>]]<![CDATA[></onChangeFunction>
                    <transformType>TRANSFORM_IMPL_NONE</transformType>
                    <transformClass/>
                    <widgetContextPath>/vgn-wcm-up</widgetContextPath>
                    <overrideType>NONE</overrideType>
                    <overridePath/>
                    <authGroupsRW/>
                    <authGroupsRO/>
                    <authGroupsHidden/>
                    <referenceType>NO</referenceType>
                    <referenceClass/>
                    <cols>80</cols>
                    <rows>5</rows>
                    <defaultValue><![CDATA[]]>]]<![CDATA[></defaultValue>
                    <wrap><![CDATA[virtual]]>]]<![CDATA[></wrap>
                    ]]></widgetData><referencedAttributeDefinitionName></referencedAttributeDefinitionName><beanPropertyName>footer</beanPropertyName><suppressBeanProperty>false</suppressBeanProperty><groupSplit>false</groupSplit><groupName></groupName><toolTip></toolTip><filterable>false</filterable><sharable>false</sharable><translatable>true</translatable><metaKey></metaKey><persistenceTypeValue>0</persistenceTypeValue></attributeDefinition><attributeDefinition mgmtId="7248d89a72acb710VgnVCM100000275410ac____"><name>vgnExtTemplatingComponentName</name><displayName>Name</displayName><columnSource>TURSEARCHRESULTSCOMPONENT.NAME</columnSource><comment></comment><helpText></helpText><language></language><ordering>12</ordering><extensibleOrdinal>-1</extensibleOrdinal><dataTypeValue>1</dataTypeValue><required>false</required><autoGen>false</autoGen><workflowRequired>false</workflowRequired><key>false</key><searchable>true</searchable><summary>false</summary><visible>false</visible><defaultLabel>true</defaultLabel><orderBy>false</orderBy><attributeTypeValue>3</attributeTypeValue><widgetName>WCMTextWidget</widgetName><widgetData><![CDATA[<validationType>NO</validationType>
                    <validationExpr><![CDATA[]]>]]<![CDATA[></validationExpr>
                    <validationExprOther><![CDATA[]]>]]<![CDATA[></validationExprOther>
                    <validationMode/>
                    <failureMessageType/>
                    <failureMessageExpr><![CDATA[]]>]]<![CDATA[></failureMessageExpr>
                    <defaultValueType>NO</defaultValueType>
                    <defaultValueExpr><![CDATA[]]>]]<![CDATA[></defaultValueExpr>
                    <miscValue><![CDATA[]]>]]<![CDATA[></miscValue>
                    <extraHtml><![CDATA[]]>]]<![CDATA[></extraHtml>
                    <onChangeFunction><![CDATA[]]>]]<![CDATA[></onChangeFunction>
                    <transformType>TRANSFORM_IMPL_NONE</transformType>
                    <transformClass/>
                    <widgetContextPath>/vgn-wcm-up</widgetContextPath>
                    <overrideType>NONE</overrideType>
                    <overridePath/>
                    <authGroupsRW/>
                    <authGroupsRO/>
                    <authGroupsHidden/>
                    <referenceType>NO</referenceType>
                    <referenceClass/>
                    <size/>
                    <maxlength/>
                    <defaultvalue/>
                    ]]></widgetData><referencedAttributeDefinitionName></referencedAttributeDefinitionName><beanPropertyName>name</beanPropertyName><suppressBeanProperty>false</suppressBeanProperty><groupSplit>true</groupSplit><groupName>Advanced</groupName><toolTip></toolTip><filterable>false</filterable><sharable>false</sharable><translatable>true</translatable><metaKey></metaKey><persistenceTypeValue>0</persistenceTypeValue></attributeDefinition><attributeDefinition mgmtId="6248d89a72acb710VgnVCM100000275410ac____"><name>vgnExtTemplatingComponentDescription</name><displayName>Description</displayName><columnSource>TURSEARCHRESULTSCOMPONENT.DESCRIPTION</columnSource><comment></comment><helpText></helpText><language></language><ordering>13</ordering><extensibleOrdinal>-1</extensibleOrdinal><dataTypeValue>1</dataTypeValue><required>false</required><autoGen>false</autoGen><workflowRequired>false</workflowRequired><key>false</key><searchable>true</searchable><summary>false</summary><visible>false</visible><defaultLabel>false</defaultLabel><orderBy>false</orderBy><attributeTypeValue>3</attributeTypeValue><widgetName>WCMTextAreaWidget</widgetName><widgetData><![CDATA[<validationType>NO</validationType>
                    <validationExpr><![CDATA[]]>]]<![CDATA[></validationExpr>
                    <validationExprOther><![CDATA[]]>]]<![CDATA[></validationExprOther>
                    <validationMode/>
                    <failureMessageType/>
                    <failureMessageExpr><![CDATA[]]>]]<![CDATA[></failureMessageExpr>
                    <defaultValueType>NO</defaultValueType>
                    <defaultValueExpr><![CDATA[]]>]]<![CDATA[></defaultValueExpr>
                    <miscValue><![CDATA[]]>]]<![CDATA[></miscValue>
                    <extraHtml><![CDATA[]]>]]<![CDATA[></extraHtml>
                    <onChangeFunction><![CDATA[]]>]]<![CDATA[></onChangeFunction>
                    <transformType>TRANSFORM_IMPL_NONE</transformType>
                    <transformClass/>
                    <widgetContextPath>/vgn-wcm-up</widgetContextPath>
                    <overrideType>NONE</overrideType>
                    <overridePath/>
                    <authGroupsRW/>
                    <authGroupsRO/>
                    <authGroupsHidden/>
                    <referenceType>NO</referenceType>
                    <referenceClass/>
                    <cols>80</cols>
                    <rows>3</rows>
                    <defaultValue><![CDATA[]]>]]<![CDATA[></defaultValue>
                    <wrap><![CDATA[virtual]]>]]<![CDATA[></wrap>
                    ]]></widgetData><referencedAttributeDefinitionName></referencedAttributeDefinitionName><beanPropertyName>description</beanPropertyName><suppressBeanProperty>false</suppressBeanProperty><groupSplit>false</groupSplit><groupName></groupName><toolTip></toolTip><filterable>false</filterable><sharable>false</sharable><translatable>true</translatable><metaKey></metaKey><persistenceTypeValue>0</persistenceTypeValue></attributeDefinition><attributeDefinition mgmtId="2348d89a72acb710VgnVCM100000275410ac____"><name>OT_WEM_VA_LOCALE</name><displayName>Language</displayName><columnSource>vgnAsMoMetaData.locale</columnSource><comment></comment><helpText>Select a Language for this content item</helpText><language></language><ordering>14</ordering><extensibleOrdinal>-1</extensibleOrdinal><dataTypeValue>1</dataTypeValue><required>false</required><autoGen>false</autoGen><workflowRequired>false</workflowRequired><key>false</key><searchable>false</searchable><summary>false</summary><visible>false</visible><defaultLabel>false</defaultLabel><orderBy>false</orderBy><attributeTypeValue>5</attributeTypeValue><widgetName>VCMTextWidget</widgetName><widgetData></widgetData><referencedAttributeDefinitionName></referencedAttributeDefinitionName><beanPropertyName></beanPropertyName><suppressBeanProperty>true</suppressBeanProperty><groupSplit>false</groupSplit><groupName></groupName><toolTip></toolTip><filterable>false</filterable><sharable>false</sharable><translatable>false</translatable><metaKey></metaKey><persistenceTypeValue>0</persistenceTypeValue></attributeDefinition><attributeDefinition mgmtId="c248d89a72acb710VgnVCM100000275410ac____"><name>vgnExtTemplatingComponentRenderingType</name><displayName>Rendering Type</displayName><columnSource>TURSEARCHRESULTSCOMPONENT.RENDERINGTYPE</columnSource><comment></comment><helpText></helpText><language></language><ordering>15</ordering><extensibleOrdinal>-1</extensibleOrdinal><dataTypeValue>1</dataTypeValue><required>false</required><autoGen>false</autoGen><workflowRequired>false</workflowRequired><key>false</key><searchable>false</searchable><summary>false</summary><visible>false</visible><defaultLabel>false</defaultLabel><orderBy>false</orderBy><attributeTypeValue>3</attributeTypeValue><widgetName>WCMRadiobuttonWidget</widgetName><widgetData><![CDATA[<validationType>NO</validationType>
          <validationExpr><![CDATA[]]>]]<![CDATA[></validationExpr>
          <validationExprOther><![CDATA[]]>]]<![CDATA[></validationExprOther>
          <validationMode/>
          <failureMessageType/>
          <failureMessageExpr><![CDATA[]]>]]<![CDATA[></failureMessageExpr>
          <defaultValueType>CN</defaultValueType>
          <defaultValueExpr><![CDATA[0]]>]]<![CDATA[></defaultValueExpr>
          <miscValue><![CDATA[]]>]]<![CDATA[></miscValue>
          <extraHtml><![CDATA[]]>]]<![CDATA[></extraHtml>
          <onChangeFunction><![CDATA[]]>]]<![CDATA[></onChangeFunction>
          <transformType>TRANSFORM_IMPL_NONE</transformType>
          <transformClass/>
          <widgetContextPath>/vgn-wcm-up</widgetContextPath>
          <overrideType>NONE</overrideType>
          <overridePath/>
          <authGroupsRW/>
          <authGroupsRO/>
          <authGroupsHidden/>
          <referenceType>NO</referenceType>
          <referenceClass/>
          <buttons>
          <button checked="true">
              <label><![CDATA[Direct]]>]]<![CDATA[></label>
              <value><![CDATA[0]]>]]<![CDATA[></value>
          </button>
          <button checked="false">
              <label><![CDATA[AJAX]]>]]<![CDATA[></label>
              <value><![CDATA[1]]>]]<![CDATA[></value>
          </button>
          <button checked="false">
              <label><![CDATA[SSI]]>]]<![CDATA[></label>
              <value><![CDATA[2]]>]]<![CDATA[></value>
          </button>
          </buttons>
          ]]></widgetData><referencedAttributeDefinitionName></referencedAttributeDefinitionName><beanPropertyName>RenderingType</beanPropertyName><suppressBeanProperty>false</suppressBeanProperty><groupSplit>false</groupSplit><groupName></groupName><toolTip></toolTip><filterable>false</filterable><sharable>true</sharable><translatable>false</translatable><metaKey></metaKey><persistenceTypeValue>0</persistenceTypeValue></attributeDefinition><attributeDefinition mgmtId="00d963874d9eb710VgnVCM100000275410ac____"><name>ttl</name><displayName>Caching Policies</displayName><columnSource>TURSEARCHRESULTSCOMPONENT.TTL</columnSource><comment></comment><helpText></helpText><language></language><ordering>16</ordering><extensibleOrdinal>-1</extensibleOrdinal><dataTypeValue>1</dataTypeValue><required>false</required><autoGen>false</autoGen><workflowRequired>false</workflowRequired><key>false</key><searchable>false</searchable><summary>false</summary><visible>false</visible><defaultLabel>false</defaultLabel><orderBy>false</orderBy><attributeTypeValue>3</attributeTypeValue><widgetName>TimeBasedInvPolicyWidget</widgetName><widgetData><![CDATA[
    <maxyear/>
    <minyear/>
]]></widgetData><referencedAttributeDefinitionName></referencedAttributeDefinitionName><beanPropertyName>ttl</beanPropertyName><suppressBeanProperty>false</suppressBeanProperty><groupSplit>false</groupSplit><groupName></groupName><toolTip></toolTip><filterable>false</filterable><sharable>true</sharable><translatable>false</translatable><metaKey></metaKey><persistenceTypeValue>0</persistenceTypeValue></attributeDefinition><attributeDefinition mgmtId="8248d89a72acb710VgnVCM100000275410ac____"><name>vgnExtTemplatingComponentThumbnail</name><displayName>Thumbnail</displayName><columnSource>TURSEARCHRESULTSCOMPONENT.THUMBNAIL</columnSource><comment></comment><helpText></helpText><language></language><ordering>17</ordering><extensibleOrdinal>-1</extensibleOrdinal><dataTypeValue>1</dataTypeValue><required>false</required><autoGen>false</autoGen><workflowRequired>false</workflowRequired><key>false</key><searchable>false</searchable><summary>false</summary><visible>false</visible><defaultLabel>false</defaultLabel><orderBy>false</orderBy><attributeTypeValue>3</attributeTypeValue><widgetName>WCMContentSelectWidget</widgetName><widgetData><![CDATA[<validationType>NO</validationType>
              <validationExpr><![CDATA[]]>]]<![CDATA[></validationExpr>
              <validationExprOther><![CDATA[]]>]]<![CDATA[></validationExprOther>
              <validationMode/>
              <failureMessageType/>
              <failureMessageExpr><![CDATA[]]>]]<![CDATA[></failureMessageExpr>
              <defaultValueType>NO</defaultValueType>
              <defaultValueExpr><![CDATA[]]>]]<![CDATA[></defaultValueExpr>
              <miscValue><![CDATA[]]>]]<![CDATA[></miscValue>
              <extraHtml><![CDATA[]]>]]<![CDATA[></extraHtml>
              <onChangeFunction><![CDATA[]]>]]<![CDATA[></onChangeFunction>
              <transformType>TRANSFORM_IMPL_NONE</transformType>
              <transformClass/>
              <widgetContextPath>/vgn-wcm-up</widgetContextPath>
              <overrideType>NONE</overrideType>
              <overridePath/>
              <authGroupsRW/>
              <authGroupsRO/>
              <authGroupsHidden/>
              <referenceType>NO</referenceType>
              <referenceClass/>
              <objectType>STATICFILE00000000000000000000000000TYPE</objectType>
              <allowCreation>true</allowCreation>
              <dataSetType>LARGE</dataSetType>
              <defaultProject/>
              <idType>GUID</idType>
              <managedRef>Managed</managedRef>
              <defaultSelectProject/>
              <defaultSelectChannel/>
              <defaultProjectSelectionType>1</defaultProjectSelectionType>
              <defaultProjectSelectionClass/>
              ]]></widgetData><referencedAttributeDefinitionName></referencedAttributeDefinitionName><beanPropertyName>thumbnail</beanPropertyName><suppressBeanProperty>false</suppressBeanProperty><groupSplit>false</groupSplit><groupName></groupName><toolTip></toolTip><filterable>false</filterable><sharable>true</sharable><translatable>false</translatable><metaKey></metaKey><persistenceTypeValue>0</persistenceTypeValue></attributeDefinition><reference mgmtId="c339541d5d55c710VgnVCM100000275410ac____"><deletionPolicyValue>0</deletionPolicyValue><demotionPolicyValue>5</demotionPolicyValue><exportPolicyValue>0</exportPolicyValue><keyCount>1</keyCount><promotionPolicyValue>4</promotionPolicyValue><referencedContentTypeId></referencedContentTypeId><referenceTypeValue>3</referenceTypeValue><snapshotPolicyValue>0</snapshotPolicyValue><key mgmtId="d339541d5d55c710VgnVCM100000275410ac____"><attributeDefinitionName>vgnExtTemplatingComponentDisplayViewId</attributeDefinitionName><sequence>0</sequence></key></reference><reference mgmtId="e339541d5d55c710VgnVCM100000275410ac____"><deletionPolicyValue>0</deletionPolicyValue><demotionPolicyValue>5</demotionPolicyValue><exportPolicyValue>0</exportPolicyValue><keyCount>1</keyCount><promotionPolicyValue>4</promotionPolicyValue><referencedContentTypeId></referencedContentTypeId><referenceTypeValue>3</referenceTypeValue><snapshotPolicyValue>0</snapshotPolicyValue><key mgmtId="f339541d5d55c710VgnVCM100000275410ac____"><attributeDefinitionName>vgnExtTemplatingComponentThumbnail</attributeDefinitionName><sequence>0</sequence></key></reference></relation><fileXSDRef></fileXSDRef><pageRef></pageRef><beanClassName>com.cust.contentbean.TurSearchResultsComponent</beanClassName><adhocReferences><adhocReference><referenceName>dp_wrapperSpec</referenceName><referentId>211853cf9c0d9210VgnVCM1000006450140aRCRD</referentId><metadata><![CDATA[com.vignette.as.client.common.adhoc.WrapperSpecPropertyLinker]]></metadata></adhocReference></adhocReferences><acl><entry name="vgnadmin" type="user"><grants><capability application="VCM" name="SECURITY_WRITE"/><capability application="VCM" name="CONTENT_TYPE_WRITE"/><capability application="VCM" name="MODIFY"/><capability application="VCM" name="MODIFY_TAX_ASSOCS"/><capability application="VCM" name="DEPLOY_AND_UNDEPLOY"/><capability application="VCM" name="OBJECT_TYPE_DELETE"/><capability application="VCM" name="MODIFY_ACL"/><capability application="VCM" name="OBJECT_TYPE_WRITE"/><capability application="VCM" name="SECURITY_READ"/><capability application="VCM" name="CONTENT_TYPE_DELETE"/><capability application="VCM" name="DELETE"/><capability application="VCM" name="OBJECT_TYPE_READ"/><capability application="VCM" name="CONTENT_TYPE_READ"/><capability application="VCM" name="PROMOTE_AND_DEMOTE"/><capability application="AUTH" name="MANAGE_CAPABILITIES"/><capability application="VCM" name="WORKFLOW_DEF_READ"/></grants></entry></acl></contentType></importContentType></packageBody>